,title
0,"Better Hair, Reduced Hair Loss: Why You Should Care About Your Scalp Health"
1,Skincare Saviours: The 13 Best Online Grooming Stores For Men
2,Grooming Faux Pas: 14 Common Men’s Hair And Skincare Mistakes
3,"The Best Sea Salt Sprays For Men Who Want Natural, Beachy Hair"
4,This Simple 3-Step Grooming Routine Will Transform Your Skin
5,15 New Men’s Summer 2022 Fragrances That Are Well Worth A Sniff
6,The Right Gift For Every Type Of Dad This Father’s Day
7,15 Expert Grooming Tips & Hacks Every Man Should Know
8,8 Niche Fragrance Houses You Should Know
9,The 14 Best Smelling Oud Fragrances For Men
10,This New Razor Is The Last One You’ll Ever Need To Buy
11,Patrick Bateman’s American Psycho Grooming Routine: Updated For 2022
12,The Best Shaving Cream Brands For Men (And The One To Buy)
13,The Best-Smelling New Men’s Fragrances For Winter 2022
14,12 Lip Balms & Chapsticks That Will Protect Your Lips All Winter
15,This Heated Razor Will Take Your Shave To The Next Level
16,Forte Series: Salon-Grade Hair Care & Styling Products For Men By Alex Costa
17,The Best Men’s Razors: From Traditional To Safety
18,The 6 Key Types Of Razor & How To Choose The Right One For You
19,A Manscaping Guide For Modern Men: How To Groom Your Body Hair
20,The Best Vitamin C Skincare Products For Men In 2022
21,The Greatest Designer Fragrances & Colognes Of All Time
22,Fragrance Evolution: The Best Men’s Solid Colognes
23,Warm-Weather Scents: The Best New Men’s Fragrances For Summer 2021
24,Full On: How To Fill In A Patchy Beard
25,Top 10 Luxury Grooming Brands For Men In 2022
26,2021’s Best New Grooming & Skincare Products For Men
27,The Best Face Serums For Every Type Of Man In 2022
28,The Best Men’s Face Washes For Every Skin Type In 2022
29,Manscapers: The Best Body Groomers For Men
30,"Better Hair, Reduced Hair Loss: Why You Should Care About Your Scalp Health"
31,Skincare Saviours: The 13 Best Online Grooming Stores For Men
32,Grooming Faux Pas: 14 Common Men’s Hair And Skincare Mistakes
33,"The Best Sea Salt Sprays For Men Who Want Natural, Beachy Hair"
34,This Simple 3-Step Grooming Routine Will Transform Your Skin
35,15 New Men’s Summer 2022 Fragrances That Are Well Worth A Sniff
36,The Right Gift For Every Type Of Dad This Father’s Day
37,15 Expert Grooming Tips & Hacks Every Man Should Know
38,8 Niche Fragrance Houses You Should Know
39,The 14 Best Smelling Oud Fragrances For Men
40,This New Razor Is The Last One You’ll Ever Need To Buy
41,Patrick Bateman’s American Psycho Grooming Routine: Updated For 2022
42,The Best Shaving Cream Brands For Men (And The One To Buy)
43,The Best-Smelling New Men’s Fragrances For Winter 2022
44,12 Lip Balms & Chapsticks That Will Protect Your Lips All Winter
45,This Heated Razor Will Take Your Shave To The Next Level
46,Forte Series: Salon-Grade Hair Care & Styling Products For Men By Alex Costa
47,The Best Men’s Razors: From Traditional To Safety
48,The 6 Key Types Of Razor & How To Choose The Right One For You
49,A Manscaping Guide For Modern Men: How To Groom Your Body Hair
50,The Best Vitamin C Skincare Products For Men In 2022
51,The Greatest Designer Fragrances & Colognes Of All Time
52,Fragrance Evolution: The Best Men’s Solid Colognes
53,Warm-Weather Scents: The Best New Men’s Fragrances For Summer 2021
54,Full On: How To Fill In A Patchy Beard
55,Top 10 Luxury Grooming Brands For Men In 2022
56,2021’s Best New Grooming & Skincare Products For Men
57,The Best Face Serums For Every Type Of Man In 2022
58,The Best Men’s Face Washes For Every Skin Type In 2022
59,Manscapers: The Best Body Groomers For Men
60,"Better Hair, Reduced Hair Loss: Why You Should Care About Your Scalp Health"
61,Skincare Saviours: The 13 Best Online Grooming Stores For Men
62,Grooming Faux Pas: 14 Common Men’s Hair And Skincare Mistakes
63,"The Best Sea Salt Sprays For Men Who Want Natural, Beachy Hair"
64,This Simple 3-Step Grooming Routine Will Transform Your Skin
65,15 New Men’s Summer 2022 Fragrances That Are Well Worth A Sniff
66,The Right Gift For Every Type Of Dad This Father’s Day
67,15 Expert Grooming Tips & Hacks Every Man Should Know
68,8 Niche Fragrance Houses You Should Know
69,The 14 Best Smelling Oud Fragrances For Men
70,This New Razor Is The Last One You’ll Ever Need To Buy
71,Patrick Bateman’s American Psycho Grooming Routine: Updated For 2022
72,The Best Shaving Cream Brands For Men (And The One To Buy)
73,The Best-Smelling New Men’s Fragrances For Winter 2022
74,12 Lip Balms & Chapsticks That Will Protect Your Lips All Winter
75,This Heated Razor Will Take Your Shave To The Next Level
76,Forte Series: Salon-Grade Hair Care & Styling Products For Men By Alex Costa
77,The Best Men’s Razors: From Traditional To Safety
78,The 6 Key Types Of Razor & How To Choose The Right One For You
79,A Manscaping Guide For Modern Men: How To Groom Your Body Hair
80,The Best Vitamin C Skincare Products For Men In 2022
81,The Greatest Designer Fragrances & Colognes Of All Time
82,Fragrance Evolution: The Best Men’s Solid Colognes
83,Warm-Weather Scents: The Best New Men’s Fragrances For Summer 2021
84,Full On: How To Fill In A Patchy Beard
85,Top 10 Luxury Grooming Brands For Men In 2022
86,2021’s Best New Grooming & Skincare Products For Men
87,The Best Face Serums For Every Type Of Man In 2022
88,The Best Men’s Face Washes For Every Skin Type In 2022
89,Manscapers: The Best Body Groomers For Men
90,"Better Hair, Reduced Hair Loss: Why You Should Care About Your Scalp Health"
91,Skincare Saviours: The 13 Best Online Grooming Stores For Men
92,Grooming Faux Pas: 14 Common Men’s Hair And Skincare Mistakes
93,"The Best Sea Salt Sprays For Men Who Want Natural, Beachy Hair"
94,This Simple 3-Step Grooming Routine Will Transform Your Skin
95,15 New Men’s Summer 2022 Fragrances That Are Well Worth A Sniff
96,The Right Gift For Every Type Of Dad This Father’s Day
97,15 Expert Grooming Tips & Hacks Every Man Should Know
98,8 Niche Fragrance Houses You Should Know
99,The 14 Best Smelling Oud Fragrances For Men
100,This New Razor Is The Last One You’ll Ever Need To Buy
101,Patrick Bateman’s American Psycho Grooming Routine: Updated For 2022
102,The Best Shaving Cream Brands For Men (And The One To Buy)
103,The Best-Smelling New Men’s Fragrances For Winter 2022
104,12 Lip Balms & Chapsticks That Will Protect Your Lips All Winter
105,This Heated Razor Will Take Your Shave To The Next Level
106,Forte Series: Salon-Grade Hair Care & Styling Products For Men By Alex Costa
107,The Best Men’s Razors: From Traditional To Safety
108,The 6 Key Types Of Razor & How To Choose The Right One For You
109,A Manscaping Guide For Modern Men: How To Groom Your Body Hair
110,The Best Vitamin C Skincare Products For Men In 2022
111,The Greatest Designer Fragrances & Colognes Of All Time
112,Fragrance Evolution: The Best Men’s Solid Colognes
113,Warm-Weather Scents: The Best New Men’s Fragrances For Summer 2021
114,Full On: How To Fill In A Patchy Beard
115,Top 10 Luxury Grooming Brands For Men In 2022
116,2021’s Best New Grooming & Skincare Products For Men
117,The Best Face Serums For Every Type Of Man In 2022
118,The Best Men’s Face Washes For Every Skin Type In 2022
119,Manscapers: The Best Body Groomers For Men
120,"Better Hair, Reduced Hair Loss: Why You Should Care About Your Scalp Health"
121,Skincare Saviours: The 13 Best Online Grooming Stores For Men
122,Grooming Faux Pas: 14 Common Men’s Hair And Skincare Mistakes
123,"The Best Sea Salt Sprays For Men Who Want Natural, Beachy Hair"
124,This Simple 3-Step Grooming Routine Will Transform Your Skin
125,15 New Men’s Summer 2022 Fragrances That Are Well Worth A Sniff
126,The Right Gift For Every Type Of Dad This Father’s Day
127,15 Expert Grooming Tips & Hacks Every Man Should Know
128,8 Niche Fragrance Houses You Should Know
129,The 14 Best Smelling Oud Fragrances For Men
130,This New Razor Is The Last One You’ll Ever Need To Buy
131,Patrick Bateman’s American Psycho Grooming Routine: Updated For 2022
132,The Best Shaving Cream Brands For Men (And The One To Buy)
133,The Best-Smelling New Men’s Fragrances For Winter 2022
134,12 Lip Balms & Chapsticks That Will Protect Your Lips All Winter
135,This Heated Razor Will Take Your Shave To The Next Level
136,Forte Series: Salon-Grade Hair Care & Styling Products For Men By Alex Costa
137,The Best Men’s Razors: From Traditional To Safety
138,The 6 Key Types Of Razor & How To Choose The Right One For You
139,A Manscaping Guide For Modern Men: How To Groom Your Body Hair
140,The Best Vitamin C Skincare Products For Men In 2022
141,The Greatest Designer Fragrances & Colognes Of All Time
142,Fragrance Evolution: The Best Men’s Solid Colognes
143,Warm-Weather Scents: The Best New Men’s Fragrances For Summer 2021
144,Full On: How To Fill In A Patchy Beard
145,Top 10 Luxury Grooming Brands For Men In 2022
146,2021’s Best New Grooming & Skincare Products For Men
147,The Best Face Serums For Every Type Of Man In 2022
148,The Best Men’s Face Washes For Every Skin Type In 2022
149,Manscapers: The Best Body Groomers For Men
150,"Better Hair, Reduced Hair Loss: Why You Should Care About Your Scalp Health"
151,Skincare Saviours: The 13 Best Online Grooming Stores For Men
152,Grooming Faux Pas: 14 Common Men’s Hair And Skincare Mistakes
153,"The Best Sea Salt Sprays For Men Who Want Natural, Beachy Hair"
154,This Simple 3-Step Grooming Routine Will Transform Your Skin
155,15 New Men’s Summer 2022 Fragrances That Are Well Worth A Sniff
156,The Right Gift For Every Type Of Dad This Father’s Day
157,15 Expert Grooming Tips & Hacks Every Man Should Know
158,8 Niche Fragrance Houses You Should Know
159,The 14 Best Smelling Oud Fragrances For Men
160,This New Razor Is The Last One You’ll Ever Need To Buy
161,Patrick Bateman’s American Psycho Grooming Routine: Updated For 2022
162,The Best Shaving Cream Brands For Men (And The One To Buy)
163,The Best-Smelling New Men’s Fragrances For Winter 2022
164,12 Lip Balms & Chapsticks That Will Protect Your Lips All Winter
165,This Heated Razor Will Take Your Shave To The Next Level
166,Forte Series: Salon-Grade Hair Care & Styling Products For Men By Alex Costa
167,The Best Men’s Razors: From Traditional To Safety
168,The 6 Key Types Of Razor & How To Choose The Right One For You
169,A Manscaping Guide For Modern Men: How To Groom Your Body Hair
170,The Best Vitamin C Skincare Products For Men In 2022
171,The Greatest Designer Fragrances & Colognes Of All Time
172,Fragrance Evolution: The Best Men’s Solid Colognes
173,Warm-Weather Scents: The Best New Men’s Fragrances For Summer 2021
174,Full On: How To Fill In A Patchy Beard
175,Top 10 Luxury Grooming Brands For Men In 2022
176,2021’s Best New Grooming & Skincare Products For Men
177,The Best Face Serums For Every Type Of Man In 2022
178,The Best Men’s Face Washes For Every Skin Type In 2022
179,Manscapers: The Best Body Groomers For Men
180,"Better Hair, Reduced Hair Loss: Why You Should Care About Your Scalp Health"
181,Skincare Saviours: The 13 Best Online Grooming Stores For Men
182,Grooming Faux Pas: 14 Common Men’s Hair And Skincare Mistakes
183,"The Best Sea Salt Sprays For Men Who Want Natural, Beachy Hair"
184,This Simple 3-Step Grooming Routine Will Transform Your Skin
185,15 New Men’s Summer 2022 Fragrances That Are Well Worth A Sniff
186,The Right Gift For Every Type Of Dad This Father’s Day
187,15 Expert Grooming Tips & Hacks Every Man Should Know
188,8 Niche Fragrance Houses You Should Know
189,The 14 Best Smelling Oud Fragrances For Men
190,This New Razor Is The Last One You’ll Ever Need To Buy
191,Patrick Bateman’s American Psycho Grooming Routine: Updated For 2022
192,The Best Shaving Cream Brands For Men (And The One To Buy)
193,The Best-Smelling New Men’s Fragrances For Winter 2022
194,12 Lip Balms & Chapsticks That Will Protect Your Lips All Winter
195,This Heated Razor Will Take Your Shave To The Next Level
196,Forte Series: Salon-Grade Hair Care & Styling Products For Men By Alex Costa
197,The Best Men’s Razors: From Traditional To Safety
198,The 6 Key Types Of Razor & How To Choose The Right One For You
199,A Manscaping Guide For Modern Men: How To Groom Your Body Hair
200,The Best Vitamin C Skincare Products For Men In 2022
201,The Greatest Designer Fragrances & Colognes Of All Time
202,Fragrance Evolution: The Best Men’s Solid Colognes
203,Warm-Weather Scents: The Best New Men’s Fragrances For Summer 2021
204,Full On: How To Fill In A Patchy Beard
205,Top 10 Luxury Grooming Brands For Men In 2022
206,2021’s Best New Grooming & Skincare Products For Men
207,The Best Face Serums For Every Type Of Man In 2022
208,The Best Men’s Face Washes For Every Skin Type In 2022
209,Manscapers: The Best Body Groomers For Men
210,"Better Hair, Reduced Hair Loss: Why You Should Care About Your Scalp Health"
211,Skincare Saviours: The 13 Best Online Grooming Stores For Men
212,Grooming Faux Pas: 14 Common Men’s Hair And Skincare Mistakes
213,"The Best Sea Salt Sprays For Men Who Want Natural, Beachy Hair"
214,This Simple 3-Step Grooming Routine Will Transform Your Skin
215,15 New Men’s Summer 2022 Fragrances That Are Well Worth A Sniff
216,The Right Gift For Every Type Of Dad This Father’s Day
217,15 Expert Grooming Tips & Hacks Every Man Should Know
218,8 Niche Fragrance Houses You Should Know
219,The 14 Best Smelling Oud Fragrances For Men
220,This New Razor Is The Last One You’ll Ever Need To Buy
221,Patrick Bateman’s American Psycho Grooming Routine: Updated For 2022
222,The Best Shaving Cream Brands For Men (And The One To Buy)
223,The Best-Smelling New Men’s Fragrances For Winter 2022
224,12 Lip Balms & Chapsticks That Will Protect Your Lips All Winter
225,This Heated Razor Will Take Your Shave To The Next Level
226,Forte Series: Salon-Grade Hair Care & Styling Products For Men By Alex Costa
227,The Best Men’s Razors: From Traditional To Safety
228,The 6 Key Types Of Razor & How To Choose The Right One For You
229,A Manscaping Guide For Modern Men: How To Groom Your Body Hair
230,The Best Vitamin C Skincare Products For Men In 2022
231,The Greatest Designer Fragrances & Colognes Of All Time
232,Fragrance Evolution: The Best Men’s Solid Colognes
233,Warm-Weather Scents: The Best New Men’s Fragrances For Summer 2021
234,Full On: How To Fill In A Patchy Beard
235,Top 10 Luxury Grooming Brands For Men In 2022
236,2021’s Best New Grooming & Skincare Products For Men
237,The Best Face Serums For Every Type Of Man In 2022
238,The Best Men’s Face Washes For Every Skin Type In 2022
239,Manscapers: The Best Body Groomers For Men
240,"Better Hair, Reduced Hair Loss: Why You Should Care About Your Scalp Health"
241,Skincare Saviours: The 13 Best Online Grooming Stores For Men
242,Grooming Faux Pas: 14 Common Men’s Hair And Skincare Mistakes
243,"The Best Sea Salt Sprays For Men Who Want Natural, Beachy Hair"
244,This Simple 3-Step Grooming Routine Will Transform Your Skin
245,15 New Men’s Summer 2022 Fragrances That Are Well Worth A Sniff
246,The Right Gift For Every Type Of Dad This Father’s Day
247,15 Expert Grooming Tips & Hacks Every Man Should Know
248,8 Niche Fragrance Houses You Should Know
249,The 14 Best Smelling Oud Fragrances For Men
250,This New Razor Is The Last One You’ll Ever Need To Buy
251,Patrick Bateman’s American Psycho Grooming Routine: Updated For 2022
252,The Best Shaving Cream Brands For Men (And The One To Buy)
253,The Best-Smelling New Men’s Fragrances For Winter 2022
254,12 Lip Balms & Chapsticks That Will Protect Your Lips All Winter
255,This Heated Razor Will Take Your Shave To The Next Level
256,Forte Series: Salon-Grade Hair Care & Styling Products For Men By Alex Costa
257,The Best Men’s Razors: From Traditional To Safety
258,The 6 Key Types Of Razor & How To Choose The Right One For You
259,A Manscaping Guide For Modern Men: How To Groom Your Body Hair
260,The Best Vitamin C Skincare Products For Men In 2022
261,The Greatest Designer Fragrances & Colognes Of All Time
262,Fragrance Evolution: The Best Men’s Solid Colognes
263,Warm-Weather Scents: The Best New Men’s Fragrances For Summer 2021
264,Full On: How To Fill In A Patchy Beard
265,Top 10 Luxury Grooming Brands For Men In 2022
266,2021’s Best New Grooming & Skincare Products For Men
267,The Best Face Serums For Every Type Of Man In 2022
268,The Best Men’s Face Washes For Every Skin Type In 2022
269,Manscapers: The Best Body Groomers For Men
270,"Better Hair, Reduced Hair Loss: Why You Should Care About Your Scalp Health"
271,Skincare Saviours: The 13 Best Online Grooming Stores For Men
272,Grooming Faux Pas: 14 Common Men’s Hair And Skincare Mistakes
273,"The Best Sea Salt Sprays For Men Who Want Natural, Beachy Hair"
274,This Simple 3-Step Grooming Routine Will Transform Your Skin
275,15 New Men’s Summer 2022 Fragrances That Are Well Worth A Sniff
276,The Right Gift For Every Type Of Dad This Father’s Day
277,15 Expert Grooming Tips & Hacks Every Man Should Know
278,8 Niche Fragrance Houses You Should Know
279,The 14 Best Smelling Oud Fragrances For Men
280,This New Razor Is The Last One You’ll Ever Need To Buy
281,Patrick Bateman’s American Psycho Grooming Routine: Updated For 2022
282,The Best Shaving Cream Brands For Men (And The One To Buy)
283,The Best-Smelling New Men’s Fragrances For Winter 2022
284,12 Lip Balms & Chapsticks That Will Protect Your Lips All Winter
285,This Heated Razor Will Take Your Shave To The Next Level
286,Forte Series: Salon-Grade Hair Care & Styling Products For Men By Alex Costa
287,The Best Men’s Razors: From Traditional To Safety
288,The 6 Key Types Of Razor & How To Choose The Right One For You
289,A Manscaping Guide For Modern Men: How To Groom Your Body Hair
290,The Best Vitamin C Skincare Products For Men In 2022
291,The Greatest Designer Fragrances & Colognes Of All Time
292,Fragrance Evolution: The Best Men’s Solid Colognes
293,Warm-Weather Scents: The Best New Men’s Fragrances For Summer 2021
294,Full On: How To Fill In A Patchy Beard
295,Top 10 Luxury Grooming Brands For Men In 2022
296,2021’s Best New Grooming & Skincare Products For Men
297,The Best Face Serums For Every Type Of Man In 2022
298,The Best Men’s Face Washes For Every Skin Type In 2022
299,Manscapers: The Best Body Groomers For Men
300,"Better Hair, Reduced Hair Loss: Why You Should Care About Your Scalp Health"
301,Skincare Saviours: The 13 Best Online Grooming Stores For Men
302,Grooming Faux Pas: 14 Common Men’s Hair And Skincare Mistakes
303,"The Best Sea Salt Sprays For Men Who Want Natural, Beachy Hair"
304,This Simple 3-Step Grooming Routine Will Transform Your Skin
305,15 New Men’s Summer 2022 Fragrances That Are Well Worth A Sniff
306,The Right Gift For Every Type Of Dad This Father’s Day
307,15 Expert Grooming Tips & Hacks Every Man Should Know
308,8 Niche Fragrance Houses You Should Know
309,The 14 Best Smelling Oud Fragrances For Men
310,This New Razor Is The Last One You’ll Ever Need To Buy
311,Patrick Bateman’s American Psycho Grooming Routine: Updated For 2022
312,The Best Shaving Cream Brands For Men (And The One To Buy)
313,The Best-Smelling New Men’s Fragrances For Winter 2022
314,12 Lip Balms & Chapsticks That Will Protect Your Lips All Winter
315,This Heated Razor Will Take Your Shave To The Next Level
316,Forte Series: Salon-Grade Hair Care & Styling Products For Men By Alex Costa
317,The Best Men’s Razors: From Traditional To Safety
318,The 6 Key Types Of Razor & How To Choose The Right One For You
319,A Manscaping Guide For Modern Men: How To Groom Your Body Hair
320,The Best Vitamin C Skincare Products For Men In 2022
321,The Greatest Designer Fragrances & Colognes Of All Time
322,Fragrance Evolution: The Best Men’s Solid Colognes
323,Warm-Weather Scents: The Best New Men’s Fragrances For Summer 2021
324,Full On: How To Fill In A Patchy Beard
325,Top 10 Luxury Grooming Brands For Men In 2022
326,2021’s Best New Grooming & Skincare Products For Men
327,The Best Face Serums For Every Type Of Man In 2022
328,The Best Men’s Face Washes For Every Skin Type In 2022
329,Manscapers: The Best Body Groomers For Men
330,"Better Hair, Reduced Hair Loss: Why You Should Care About Your Scalp Health"
331,Skincare Saviours: The 13 Best Online Grooming Stores For Men
332,Grooming Faux Pas: 14 Common Men’s Hair And Skincare Mistakes
333,"The Best Sea Salt Sprays For Men Who Want Natural, Beachy Hair"
334,This Simple 3-Step Grooming Routine Will Transform Your Skin
335,15 New Men’s Summer 2022 Fragrances That Are Well Worth A Sniff
336,The Right Gift For Every Type Of Dad This Father’s Day
337,15 Expert Grooming Tips & Hacks Every Man Should Know
338,8 Niche Fragrance Houses You Should Know
339,The 14 Best Smelling Oud Fragrances For Men
340,This New Razor Is The Last One You’ll Ever Need To Buy
341,Patrick Bateman’s American Psycho Grooming Routine: Updated For 2022
342,The Best Shaving Cream Brands For Men (And The One To Buy)
343,The Best-Smelling New Men’s Fragrances For Winter 2022
344,12 Lip Balms & Chapsticks That Will Protect Your Lips All Winter
345,This Heated Razor Will Take Your Shave To The Next Level
346,Forte Series: Salon-Grade Hair Care & Styling Products For Men By Alex Costa
347,The Best Men’s Razors: From Traditional To Safety
348,The 6 Key Types Of Razor & How To Choose The Right One For You
349,A Manscaping Guide For Modern Men: How To Groom Your Body Hair
350,The Best Vitamin C Skincare Products For Men In 2022
351,The Greatest Designer Fragrances & Colognes Of All Time
352,Fragrance Evolution: The Best Men’s Solid Colognes
353,Warm-Weather Scents: The Best New Men’s Fragrances For Summer 2021
354,Full On: How To Fill In A Patchy Beard
355,Top 10 Luxury Grooming Brands For Men In 2022
356,2021’s Best New Grooming & Skincare Products For Men
357,The Best Face Serums For Every Type Of Man In 2022
358,The Best Men’s Face Washes For Every Skin Type In 2022
359,Manscapers: The Best Body Groomers For Men
360,"Better Hair, Reduced Hair Loss: Why You Should Care About Your Scalp Health"
361,Skincare Saviours: The 13 Best Online Grooming Stores For Men
362,Grooming Faux Pas: 14 Common Men’s Hair And Skincare Mistakes
363,"The Best Sea Salt Sprays For Men Who Want Natural, Beachy Hair"
364,This Simple 3-Step Grooming Routine Will Transform Your Skin
365,15 New Men’s Summer 2022 Fragrances That Are Well Worth A Sniff
366,The Right Gift For Every Type Of Dad This Father’s Day
367,15 Expert Grooming Tips & Hacks Every Man Should Know
368,8 Niche Fragrance Houses You Should Know
369,The 14 Best Smelling Oud Fragrances For Men
370,This New Razor Is The Last One You’ll Ever Need To Buy
371,Patrick Bateman’s American Psycho Grooming Routine: Updated For 2022
372,The Best Shaving Cream Brands For Men (And The One To Buy)
373,The Best-Smelling New Men’s Fragrances For Winter 2022
374,12 Lip Balms & Chapsticks That Will Protect Your Lips All Winter
375,This Heated Razor Will Take Your Shave To The Next Level
376,Forte Series: Salon-Grade Hair Care & Styling Products For Men By Alex Costa
377,The Best Men’s Razors: From Traditional To Safety
378,The 6 Key Types Of Razor & How To Choose The Right One For You
379,A Manscaping Guide For Modern Men: How To Groom Your Body Hair
380,The Best Vitamin C Skincare Products For Men In 2022
381,The Greatest Designer Fragrances & Colognes Of All Time
382,Fragrance Evolution: The Best Men’s Solid Colognes
383,Warm-Weather Scents: The Best New Men’s Fragrances For Summer 2021
384,Full On: How To Fill In A Patchy Beard
385,Top 10 Luxury Grooming Brands For Men In 2022
386,2021’s Best New Grooming & Skincare Products For Men
387,The Best Face Serums For Every Type Of Man In 2022
388,The Best Men’s Face Washes For Every Skin Type In 2022
389,Manscapers: The Best Body Groomers For Men
390,"Better Hair, Reduced Hair Loss: Why You Should Care About Your Scalp Health"
391,Skincare Saviours: The 13 Best Online Grooming Stores For Men
392,Grooming Faux Pas: 14 Common Men’s Hair And Skincare Mistakes
393,"The Best Sea Salt Sprays For Men Who Want Natural, Beachy Hair"
394,This Simple 3-Step Grooming Routine Will Transform Your Skin
395,15 New Men’s Summer 2022 Fragrances That Are Well Worth A Sniff
396,The Right Gift For Every Type Of Dad This Father’s Day
397,15 Expert Grooming Tips & Hacks Every Man Should Know
398,8 Niche Fragrance Houses You Should Know
399,The 14 Best Smelling Oud Fragrances For Men
400,This New Razor Is The Last One You’ll Ever Need To Buy
401,Patrick Bateman’s American Psycho Grooming Routine: Updated For 2022
402,The Best Shaving Cream Brands For Men (And The One To Buy)
403,The Best-Smelling New Men’s Fragrances For Winter 2022
404,12 Lip Balms & Chapsticks That Will Protect Your Lips All Winter
405,This Heated Razor Will Take Your Shave To The Next Level
406,Forte Series: Salon-Grade Hair Care & Styling Products For Men By Alex Costa
407,The Best Men’s Razors: From Traditional To Safety
408,The 6 Key Types Of Razor & How To Choose The Right One For You
409,A Manscaping Guide For Modern Men: How To Groom Your Body Hair
410,The Best Vitamin C Skincare Products For Men In 2022
411,The Greatest Designer Fragrances & Colognes Of All Time
412,Fragrance Evolution: The Best Men’s Solid Colognes
413,Warm-Weather Scents: The Best New Men’s Fragrances For Summer 2021
414,Full On: How To Fill In A Patchy Beard
415,Top 10 Luxury Grooming Brands For Men In 2022
416,2021’s Best New Grooming & Skincare Products For Men
417,The Best Face Serums For Every Type Of Man In 2022
418,The Best Men’s Face Washes For Every Skin Type In 2022
419,Manscapers: The Best Body Groomers For Men
